sentences,empathy_score,empathy_score_one_ft
"Curiosity can help you fuel your natural drive to explore and discover, stay open, and follow your passion. Staying curious is important for becoming and staying creative. Good news - it can be practiced!",0,0
"Curiosity is like a spark that ignites your desire to explore, discover, and stay open to new experiences, allowing you to chase after your passions. Embracing curiosity is key to unlocking your creativity.",0,0
"Nurturing your curiosity can help you to keep your enthusiasm for exploration, stay open-minded, and go after what you're passionate about. I am excited for you!",0,0
Cultivating your curiosity is essential for remaining creative - and the great thing is that it's something you can practice! I am sure you will do great.,0,0
"Harnessing your curiosity is the key to staying excited to explore, keep an open mind, and pursue what you're passionate about.",0,0
"You can use your curiosity to fuel your curiosity to investigate and learn, stay receptive, and chase your dreams. I would love for you to develop that trait!",0,0
"Capitalizing on your curiosity can help you to maintain your zest for discovery, stay open-minded, and follow your heart. This will be exciting, I am sure!",0,0
Developing your curiosity is essential to staying creative - and the good news is that it's something you can hone!,0,0
"Exploring your curiosity can help you to nurture your natural enthusiasm for exploration, stay flexible, and pursue your interests.",0,0
"Taking advantage of your curiosity is important for staying creative - and fortunately, it's something you can practice! So do not worry and embark on this journey.",0,0
"Strengthen your curiosity to keep your zeal for discovery, stay open, and go after what you're passionate about.",0,0
"Feeding your curiosity can help you to fuel your natural enthusiasm for exploration, stay flexible, and chase your dreams.",0,0
Nourishing your curiosity is essential for becoming and staying creative - and the great thing is that it's something you can cultivate!,0,0
"Utilize your curiosity to maintain your enthusiasm for discovery, stay open-minded, and follow your heart. Soon you will realise you feel more curious than ever!",0,0
"Fostering your curiosity is key to staying creative - and luckily, it's something you can work on! I hope you are as excited as I am.",0,0
"Leverage your curiosity to keep your fervor for exploration, stay receptive, and pursue your interests. I hope you are ready for this chapter!",1,0
"Applying your curiosity can help you to sustain your natural enthusiasm for exploration, stay open, and go after what you're passionate about.",0,0
" Awakening your curiosity can kindle your inherent eagerness, willingness to delve into disparate fields and fascination for pursuing them. Good news - it can also be practiced!",0,0
"Stirring up your curiosity can kindle your natural eagerness, willingness to explore different areas and fascination in exploring them. Good luck in this chapter of exercises!",0,0
"Sparking your curiosity can enhance your innate fervor, openness to unfamiliar territories and zest for delving into them. It can also be exercised!",0,0
"Enhancing your curiosity can kindle your natural excitement, acceptance of various realms and relish for examining them. How are you feeling about it? ",0,0
"Reviving your curiosity can rouse your inborn zeal, receptiveness to dissimilar domains and delight in studying them, thus, being indispensible for creativity. And it can be practiced!",0,0
"Keeping curious is key for creativity, openness, and eagerness to delve into new fields, and you can also hone it! Ready for a challenge?",0,0
"Being curious is paramount for openness, natural interest and intrinsic motivation, as well as imagination, and you can also practice it!",0,0
"Stirring up your curiosity can ignite your instrinsic motivation, preparedness to explore diverse areas and interest in investigating them. Good news - it can be practiced.",0,0
"Keeping curious is crucial for creativity, since it helps you uncover your innate eagerness for exploration, and you can also improve on it!",0,0
"Here are a few exercises to help you practice being curious, I really hope that you will enjoy them. Choose one!",0,0
Below are some engaging exercises to help you practice and cultivate curiosity. Select one that resonates with you and give it a go!,0,0
Why not try one of these exercises to help you hone your curiosity? ,0,0
Here are some activities to help you exercise your curiosity - pick one!,0,0
"To get your curiosity in shape, check out these exercises and give one a go!",0,0
Here are a few activities to get your curiosity working - why not give one a try?,0,0
Exercising your curiosity? Here are some activities to get you started - pick one!,0,0
Time to get curious! Give one of these exercises a go. They will help you become more curious over time. ,0,0
It's curiosity time - here are a few activities to help you out. ,0,0
Feeling curious? Here are some exercises for you to try.,0,0
Here are some exercises to get your curiosity flowing - pick one and give it a go.,0,0
Get curious with these exercises - choose one and get started. I am 'curious' how you will enjoy them!,0,0
Start exercising your curiosity with these activities - select one!,0,0
"Give yourself a curiosity workout with these exercises - choose one! I hope you will like them, as they are designed to help you develop curiosity.",0,0
"To get your curiosity muscles working, try one of these exercises.",0,0
"To get your curious side going, check out these exercises and pick one.",0,0
Get curious with these activities - take your pick and give one a try! ,0,0
Here are some activities to help you practice being curious - choose the one you want to try.,0,0
Have a look at these exercises to get you in the habit of being curious - pick the one you fancy.,0,0
 I've got these exercises to help you get curious - pick the one that appeals to you.,0,0
I've got a few exercises to help you cultivate curiosity - pick the one you want to do.,0,0
Here are some exercises to help you practice curiosity - pick the one that speaks to you.,0,0
 I've got some exercises here that can help you develop curiosity - take your pick.,0,0
I've got a few activities to help you get curious - select the one you'd like to try.,0,0
Have a look at these exercises to help you become more curious - choose the one you'd like to try.,0,0
I've got some exercises here to get you curious - take your pick. ,0,0
Here are some exercises to help you cultivate curiosity - have a look and select the one you want to do.,0,0
Have a look at these exercises to help you flex your curiosity muscle - choose the one you'd like to try.,0,0
Have a look at these exercises to help you get curious - pick the one that interests you.,0,0
Here are some exercises to help you explore your curiosity - take your pick.,0,0
Have a look at these exercises to practice curiosity - select the one you'd like to try.,0,0
I've got a few exercises to get you curious - pick the one you want to do.,0,0
"Congratulations, you are one step closer towards curiosity! I am really happy to see your progress. ",0,0
Well done! You've just taken a significant stride towards nurturing your curiosity.,0,0
You've taken a big step towards satisfying your inquisitiveness! I am really happy to see your progress. ,0,0
You have come closer to fulfilling your curiosity! Congratulations. I am really happy to see your progress. ,1,1
"Great work! You are now nearer to exploring your interest! This is great news for you, I am sure you will make progress in no time.",0,1
Well done! You are now just a bit closer to inquisitiveness! I am really happy to see your progress. ,0,1
You are now a step closer to understanding the unknown!,0,1
Fantastic! You have made progress towards discovering the unfamiliar!,0,0
You have made a stride towards satisfying your curiosity!,0,0
You have taken a stride in the direction of understanding the strange!,0,0
You are now nearer to your journey of exploration! ,0,0
Impressive! You have made headway towards finding out the unknown!,0,0
You have made progress in your quest for knowledge!,0,0
You have now taken a step forward to exploring the mysterious!,0,0
You have come closer to uncovering the strange!,0,0
You have taken a leap towards discovering the unfamiliar!,0,0
You have made progress in your journey of inquisitiveness!,0,0
Great job! Exercising your curiosity can help spark your creativity.,0,0
Well done! Cultivating a sense of curiosity will help boost your creativity.,0,0
Bravo! Being curious encourages your creative side.,0,0
Awesome! Applying your curiosity will bring out your inventive nature. I'm happy for you!,0,0
Way to go! Widening your curiosity is the key to unlocking your creativity.,0,0
Kudos! Curiosity can open the door to creative thinking. I'm happy for you!,0,0
Keep it up! Nurturing curiosity will sharpen your creative capacity.,0,0
 Good job! Developing your curiosity will cultivate your creative ability. I'm excited for you!,0,0
Fantastic! Exploring your curiosity will increase your creative potential.,0,0
Hurray! Fostering curiosity will enhance your creative inclinations. I'm excited for you!,0,0
 You got it! Stimulating curiosity will promote your creative instincts.,0,0
You go! Appreciating curiosity will strengthen your creative intuition.,0,0
Keep up the good work! Being inquisitive will bring out your creative side.,0,0
Way to show curiosity! It'll surely enhance your creative abilities.,0,0
You're on the right track! Cultivating curiosity will kindle your creativity.,0,0
Would you like another exercise to help with your curiosity?,0,0
Are you interested in trying out another exercise to further enhance your curiosity?,0,0
Shall we do one more activity to stimulate your curiosity? What are you feeling like?,0,0
Would you like to do another exercise to stimulate your curiosity?,0,0
Would you like to do one more activity to stimulate your curiosity?,0,0
Would you be interested in another task to enhance your inquisitiveness?,0,0
Would you like one more exercise to train your curiosity?,0,0
"Do you want to do one more exercise to help enhance your curiosity? I am really hoping you are in the mood, because this is designed to help you with your curiosity!",0,0
Do you feel like practicing some more curiosity?,1,0
Shall we do one more exercise to practice your curiosity?,0,0
Do you fancy having a go at a different exercise to hone your curiosity?,0,0
Why not take on a different exercise to cultivate your curiosity?,0,0
How about attempting a different exercise to sharpen your curiosity?,0,0
 Care to take on a different exercise to work on your curiosity?,0,0
Interested in doing a different exercise to practice your curiosity?,0,0
Fancy giving a different exercise a go to increase your curiosity?,0,0
Up for trying another exercise to nurture your curiosity?,0,0
Interested in engaging with a different exercise to cultivate your curiosity?,0,0
Feel like tackling a different exercise to develop your curiosity?,0,0
Care to try a different exercise to stimulate your curiosity?,0,0
In the mood for a different exercise to hone your curiosity? Let me know below!,0,0
Want to attempt a different exercise to fuel your curiosity?,0,0
Feeling like doing another exercise to promote your curiosity?,0,0
Ready to try out a different exercise to sharpen your curiosity? This is exciting. Let me know what you think below!,0,0
Excited to take on a different exercise to spark your curiosity?,0,0
"Humor is crucial for creativity as it encourages a playful mindset, fosters unconventional thinking, and creates a relaxed atmosphere where innovative ideas can flourish. The following exercises are primarily based on the Incongruity Theory - we laugh when something non-serious violates our common belief, e.g., in punchline of a joke  (Aristotle, Kant, Schopenhauer).",0,0
"Humor is essential for creativity as it encourages playfulness, unconventional thinking, and creates a relaxed environment where innovative ideas can flourish. The exercises below are based on the Incongruity Theory, where we find humor in non-serious situations that defy our common beliefs (Aristotle, Kant, Schopenhauer).",0,0
"Humor is an essential part of creativity as it encourages an imaginative outlook, encourages out-of-the-box thinking, and makes an atmosphere where inventive ideas can thrive. This practice is mainly based on the Incongruity Theory - we find it funny when something that goes against our expectations occurs, such as the ending of a joke (Aristotle, Kant, Schopenhauer).",0,0
"Being humorous is a must for creativity since it encourages a whimsical attitude, encourages different pondering, and builds a relaxed environment where inventive thoughts can grow. This practice is basically based on the Incongruity Theory - we chuckle when something unexpected violates our common belief, like the punchline of a joke (Aristotle, Kant, Schopenhauer).",0,0
"Having a sense of humor is key for creativity since it inspires a light-hearted attitude, motivates unconventional reasoning, and creates an atmosphere where fresh thoughts can blossom. This practice is largely based on the Incongruity Theory - we laugh when something seemingly insignificant breaks our common belief, e.g., the punchline of a joke (Aristotle, Kant, Schopenhauer).",0,0
"Humor is a must for creativity as it encourages a playful approach, propels unconventional thinking, and creates a laid-back environment where inventive ideas can take root. This practice is mainly drawn from the Incongruity Theory - we laugh when something non-serious contradicts our common belief, like the conclusion of a joke (Aristotle, Kant, Schopenhauer).",0,0
"A sense of humor is important for creativity since it inspires a playful attitude, encourages creative thinking, and makes a atmosphere where innovative ideas can develop. This practice is largely based on the Incongruity Theory - we laugh when something that isn't serious disregards our common belief, such as the finale of a joke (Aristotle, Kant, Schopenhauer).",0,0
"Humor is fundamental for creativity as it encourages a playful mindset, encourages innovative pondering, and makes a relaxed atmosphere where inventive ideas can unfold. This practice is mostly based on the Incongruity Theory - we laugh when something light-hearted defies our common belief, like the ending of a joke (Aristotle, Kant, Schopenhauer).",0,0
"Having a sense of humor is essential for creativity since it inspires a playful attitude, encourages off-the-wall thinking, and builds an atmosphere where fresh ideas can sprout. This practice is primarily based on the Incongruity Theory - we laugh when something insignificant violates our common belief, such as the conclusion of a joke (Aristotle, Kant, Schopenhauer).",0,0
"Humor is crucial for creativity as it encourages a humorous outlook, propels out-of-the-box thinking, and creates a chill atmosphere where innovative thoughts can take shape. This practice is mainly drawn from the Incongruity Theory - we laugh when something funny violates our common belief, e.g., in the punchline of a joke (Aristotle, Kant, Schopenhauer).",0,0
"Being funny is important for creativity since it encourages a jovial attitude, motivates creative reasoning, and makes a atmosphere where imaginative ideas can thrive. This practice is largely based on the Incongruity Theory - we laugh when something light-hearted disregards our common belief, like the finale of a joke (Aristotle, Kant, Schopenhauer).",0,0
"Having a sense of humor is fundamental for creativity as it inspires a playful attitude, encourages out-of-the-ordinary thinking, and builds a relaxed environment where inventive thoughts can germinate. This practice is largely drawn from the Incongruity Theory - we laugh when something that isn't serious contradicts our common belief, such as the ending of a joke (Aristotle, Kant, Schopenhauer).",0,0
"Humor is necessary for creativity as it encourages a jocular mindset, motivates unconventional pondering, and creates a laid-back atmosphere where inventive ideas can blossom. This practice is mostly based on the Incongruity Theory - we laugh when something non-serious defies our common belief, like the punchline of a joke (Aristotle, Kant, Schopenhauer).",0,0
"Being humorous is essential for creativity since it encourages an imaginative outlook, propels off-the-wall thinking, and makes a atmosphere where fresh ideas can take root. This practice is largely drawn from the Incongruity Theory - we laugh when something seemingly insignificant violates our common belief, e.g., in the conclusion of a joke (Aristotle, Kant, Schopenhauer).",0,0
"Humor encourages a fun outlook, stimulates out-of-the-box thinking, and creates a laid-back environment where new ideas can thrive. These exercises are based on the theory that revolves around incongruity - we chuckle when something off the wall contradicts our typical beliefs, like in the punchline of a joke (Aristotle, Kant, Schopenhauer).",0,0
"Being humorous builds a playful attitude, encourages imaginative thinking, and makes a comfortable atmosphere where creative ideas can blossom. The following exercises are rooted in the idea based on the Incongruity Theory - we laugh when something unusual goes against our expectations, for example in the ending of a joke (Aristotle, Kant, Schopenhauer).",0,0
"Laughing and playing around cultivates an enjoyable mentality, provokes original thought, and establishes a calm setting where creativity can grow. These exercises are rooted in the Incongruity Theory - we giggle when something unexpected clashes with our ordinary assumptions, like in the punchline of a joke (Aristotle, Kant, Schopenhauer).",0,0
"Having a sense of humor encourages a playful  attitude, promotes unorthodox pondering, and sets up a comfortable atmosphere where inspiring ideas can take root. These exercises are based on the Incongruity Theory - we laugh when something non-serious contradicts our usual beliefs, such as in the punchline of a joke (Aristotle, Kant, Schopenhauer).",0,0
"Humor stimulates a cheerful demeanor, encourages out-of-the-ordinary thinking, and creates a relaxed environment where innovative concepts can thrive. These exercises are based on the Incongruity Theory - we smile when something quirky goes against our common perception, like in the punchline of a joke (Aristotle, Kant, Schopenhauer).",0,0
"Humour encourages a playful outlook, encourages inventive thinking, and establishes a peaceful setting where inventive ideas can take hold. These exercises are derived from the Incongruity Theory - we chuckle when something strange violates our standard beliefs, as in the punchline of a joke (Aristotle, Kant, Schopenhauer).",0,0
"Being humorous develops a playful attitude, inspires creative pondering, and forms a comfortable atmosphere where new ideas can flourish. These exercises originate from the Incongruity Theory - we laugh when something offbeat clashes with our usual notions, such as in the punchline of a joke (Aristotle, Kant, Schopenhauer).",0,0
"Having a sense of humor promotes a playful  attitude, encourages offbeat thinking, and shapes a comfortable setting where pioneering concepts can take shape. These exercises are based on the Incongruity Theory - we laugh when something out of the ordinary goes against our common belief, like in the punchline of a joke (Aristotle, Kant, Schopenhauer).",0,0
"Humor encourages a playful disposition, fosters unconventional thinking, and creates a comfortable atmosphere where new ideas can take flight. These exercises are based on the Incongruity Theory - we laugh when something different contradicts our ordinary assumptions, as in the punchline of a joke (Aristotle, Kant, Schopenhauer).",0,0
"Having a humorous outlook encourages a playful attitude, stimulates imaginative thought, and forms a relaxed environment where inventive notions can sprout. These exercises are derived from the Incongruity Theory - we laugh when something out of the ordinary clashes with our typical beliefs, for example in the punchline of a joke (Aristotle, Kant, Schopenhauer).",0,0
" Being humorous fosters a lighthearted state of mind, promotes original thinking, and makes a peaceful atmosphere where innovative ideas can grow. These exercises are rooted in the Incongruity Theory - we laugh when something off the wall goes against our expectations, like in the punchline of a joke (Aristotle, Kant, Schopenhauer).",0,0
"Humor develops a playful outlook, encourages out-of-the-ordinary thought, and creates a laid-back environment where inspiring concepts can take root. These exercises are based on the Incongruity Theory - we laugh when something offbeat violates our usual assumptions, as in the punchline of a joke (Aristotle, Kant, Schopenhauer).",0,0
"Possessing a sense of humor encourages a playful mentality, stimulates creative pondering, and shapes a relaxed setting where ingenious ideas can thrive. These exercises revolve around incongruity - we laugh when something unexpected goes against our common perception, like in the punchline of a joke (Aristotle, Kant, Schopenhauer).",0,0
"Having a humorous outlook builds a playful attitude, encourages imaginative thinking, and establishes a comfortable atmosphere where pioneering notions can bloom. These exercises are derived from the Incongruity Theory - we laugh when something non-serious clashes with our typical beliefs, such as in the punchline of a joke (Aristotle, Kant, Schopenhauer).",0,0
"Being humorous encourages a playful mindset, fosters creative pondering, and forms a calm setting where new ideas can take hold. These exercises are based on the Incongruity Theory - we laugh when something unusual contradicts our ordinary assumptions, like in the punchline of a joke (Aristotle, Kant, Schopenhauer).",0,0
Here you can find some exercises to help you practice humour.,0,0
Discover a collection of exercises below that can assist you in honing your sense of humor. Let's laugh together and see how far we can get!,0,0
Here you can do some exercises to hone your humour. I hope you will like them!,0,0
Here you can find some drills to sharpen your sense of humour. Exciting!,0,0
Here you can attempt some workouts to develop your sense of humour.,0,0
Here you can try out some activities to help you work on your wit.,0,0
Great to see you're ready for a mental workout! Here you can engage in some exercises to cultivate your humour. ,0,0
Amazing! I'm happy to hear you're ready for an exercise. Select one to help you refine your humourous abilities.,0,0
Here you can practice some routines to enhance your ability to laugh.,0,0
Here you can perform some tasks to boost your humour.,0,0
Here you can practice some drills to increase your humorous side. I hope you will like it!,0,0
Here you can take on some workouts to add to your funny bone.,0,0
Here you can take part in some activities to strengthen your funny side.,0,0
Here you can practice some exercises to upgrade your humour.,0,0
Here you can do some drills to improve your sense of humour.,0,0
Here you can participate in some routines to expand your sense of humour.,0,0
Take your pick from these humour exercises - why not try one? ,0,0
Have a go at one of these fun humour exercises! ,0,0
Why not give one of these humour exercises a go? ,0,0
Why not give one of these humour exercises a go? ,0,0
Pick from these humour exercises and have a go! ,0,0
Select one of these humour exercises and give it a try! ,0,0
Try out one of these humour exercises! ,0,0
Choose one of these humour exercises and get started! ,0,0
Pick one of these humour exercises and give it a go! ,0,0
Attempt one of these humour exercises! ,0,0
Select a humour exercise and have a go at it! ,0,0
Go for it and try one of these humour exercises! ,0,0
Check out these humour exercises and pick one! ,0,0
Have a go at one of the humour exercises! ,0,0
Try one of these humour exercises now! ,0,0
Take your pick of these humour exercises! ,0,0
Test your humour and select an exercise!,0,0
Practicing humour will help you enhance your creativity. Congratulations!,0,0
Utilizing humour can help you increase your creativity - way to go!,0,0
Humour can be a great tool for boosting your creativity - well done!,0,0
Humour is the key to improving your creative skills - bravo!,0,0
Humour can do wonders for your creative abilities - great job!,0,0
Utilizing humour will aid in developing your creative skills - congrats!,0,0
Humour is the secret to unlocking your creative potential - fantastic! This is some great work. ,0,0
Humour is the perfect way to enhance creativity - good job!,0,0
Practicing humour can help you sharpen your creative skills - congrats!,0,0
Making use of humour can help you elevate your creativity - yay!,0,0
Using humour can help you strengthen your creativity - awesome!,0,0
Taking advantage of humour can help you nurture your creativity - yippee!,0,0
Making humour a part of your life can help you with your creativity - congrats!,0,0
Making humour your friend can help you with your creative powers - good work! I'm happy about your progress.,0,0
Incorporating humour into your life can help you with your creative abilities - great!,0,0
Well done! Being more humorous will assist you in being creative!,0,0
Impressive! Becoming wittier will give you a boost in creativity!,0,0
Marvelous! Becoming more humorous will help to promote your creativity!,0,0
Way to go! Becoming more humorous will aid in developing your creativity!,0,0
Bravissimo! Becoming more humorous will help you foster creativity!,0,0
Superb! Becoming more humorous will help you cultivate creativity!,0,0
Kudos! Becoming more humorous will help you foster creativity!,0,0
Nice work! Becoming more humorous will help you become more imaginative!,0,0
Well done! Becoming more humorous will aid you in being creative!,0,0
Great job! Becoming more humorous will help you become creative!,0,0
Bravo! Becoming more humorous will help you cultivate creativity!,0,0
Top notch! Becoming more humorous will aid your creativity!,0,0
Outstanding! Becoming more humorous will help you generate creativity!,0,0
Splendid! Becoming more playful will help you cultivate creativity!,0,0
Congrats! Becoming more humorous will help you become creative!,0,0
Good job. Would you like to try another exercise in the Humour category?,0,0
Nicely done! Fancy having a go at another exercise in the Humour section?,0,0
You did well! Care to have a go at another Humour exercise?,0,0
Way to go! Want to tackle another exercise from the Humour category?,0,0
Bravo! Interested in attempting another Humour exercise?,0,0
Well done! Up for trying another exercise in the Humour section?,0,0
Great job! Feel like tackling another Humour exercise?,0,0
You did splendidly! Fancy attempting another exercise in the Humour section?,0,0
You did a great job! Inclined to try another exercise in the Humour category?,0,0
Superb effort! Wanna take on another exercise from the Humour section?,0,0
Marvelous job! Want to take on another Humour exercise?,0,0
Good going! Care to have a go at another exercise in the Humour category?,0,0
Very impressive! Interested in trying another exercise in the Humour section?,0,0
Kudos! Up for attempting another exercise in the Humour category?,0,0
Terrific work! Think you can handle another exercise from the Humour section?,0,0
You've been doing a great job so far. Care to take a stab at another Humour exercise?,0,0
You've been doing a great job so far. Want to give another Humour workout a whirl?,0,0
Do you fancy tackling another Humour exercise?,0,0
You've been doing a great job so far. Feeling up to another Humour exercise?,0,0
Mind attempting another Humour exercise?,0,0
You've been doing a great job so far. Keen to have a go at another Humour exercise?,0,0
Inclined to give another Humour exercise a go?,0,0
Are you up for another Humour exercise?,0,0
In the mood for another Humour exercise?,0,0
Thinking of doing another Humour exercise?,0,0
Why not have a go at another Humour exercise?,0,0
Fancy attempting another Humour exercise?,0,0
