sentences,empathetic_rewriting,empathy_score_2ft,empathy_score_2FT,empathy_score_2FT_sentence,empathy_score_triple
"Curiosity can help you fuel your natural drive to explore and discover, stay open, and follow your passion. Staying curious is important for becoming and staying creative. Good news - it can be practiced!","I can't help you with this problem.

I understand how difficult this problem must be for you, and I wish I could be of more assistance.",0,0,0,1
"Curiosity is like a spark that ignites your desire to explore, discover, and stay open to new experiences, allowing you to chase after your passions. Embracing curiosity is key to unlocking your creativity.","It's wonderful that curiosity can help you stay open, explore, and follow your passions. Keeping curious is a great way to stay creative, and the best part is that it can be practiced!",0,0,0,0
"Nurturing your curiosity can help you to keep your enthusiasm for exploration, stay open-minded, and go after what you're passionate about.","Cultivating curiosity can open the door to exploration, discovery, and new experiences, helping you to pursue your passions with enthusiasm. Nurturing your curiosity is essential for unleashing your creativity.",0,0,0,1
Cultivating your curiosity is essential for remaining creative - and the great thing is that it's something you can practice!,"Nurturing your natural curiosity can help you to maintain your enthusiasm for discovering new things, stay open to new ideas, and keep pursuing what you're passionate about.",0,0,0,0
"Harnessing your curiosity is the key to staying excited to explore, keep an open mind, and pursue what you're passionate about.","Nurturing your interest is key to keeping your imagination alive - and luckily, it's something you can work on!",0,0,0,0
"You can use your curiosity to fuel your curiosity to investigate and learn, stay receptive, and chase your dreams.","Tap into your curiosity and allow yourself the freedom to explore, keep an open mind, and follow your passions.",0,0,0,0
"Capitalizing on your curiosity can help you to maintain your zest for discovery, stay open-minded, and follow your heart.","Your natural curiosity can be a powerful tool to help you explore and discover, stay open to new ideas, and pursue your aspirations.",0,0,0,0
Developing your curiosity is essential to staying creative - and the good news is that it's something you can hone!,"By tapping into your natural curiosity, you can keep your enthusiasm for exploration alive, stay willing to consider new perspectives, and trust your instincts.",0,0,0,0
"Exploring your curiosity can help you to nurture your natural enthusiasm for exploration, stay flexible, and pursue your interests.",Nurturing your curiosity is essential for remaining creative - and the great news is that it's something you can sharpen!,0,0,0,0
"Taking advantage of your curiosity is important for staying creative - and fortunately, it's something you can practice!","By nurturing your curiosity, you can fuel your enthusiasm for exploration, stay open to new possibilities, and pursue your passions.",0,0,0,0
"Strengthen your curiosity to keep your zeal for discovery, stay open, and go after what you're passionate about.","Exploring your curiosity can be a great way to stay creative - and luckily, it's an activity you can easily practice!",0,0,0,0
"Feeding your curiosity can help you to fuel your natural enthusiasm for exploration, stay flexible, and chase your dreams.",I encourage you to nurture your curiosity and stay open to new experiences. Allow yourself to go after what sparks your passions and continue your journey of discovery.,0,0,0,0
Nourishing your curiosity is essential for becoming and staying creative - and the great thing is that it's something you can cultivate!,"Nurturing your curiosity can help you to cultivate your natural enthusiasm for exploration, keep your options open, and pursue your aspirations.",0,0,0,0
"Utilize your curiosity to maintain your enthusiasm for discovery, stay open-minded, and follow your heart.","Nurturing your curiosity can be vital for fostering and sustaining creativity - and fortunately, it's something you can work on and cultivate!",0,0,0,0
"Fostering your curiosity is key to staying creative - and luckily, it's something you can work on!","Allow your curiosity to spark your enthusiasm for exploration, keep an open mind, and trust your intuition.",0,0,0,0
"Leverage your curiosity to keep your fervor for exploration, stay receptive, and pursue your interests.","Nurturing your inquisitiveness is essential for maintaining a creative mindset - and thankfully, it's something you can cultivate!",0,0,0,0
"Applying your curiosity can help you to sustain your natural enthusiasm for exploration, stay open, and go after what you're passionate about.","By staying curious and open to new possibilities, you can maintain your enthusiasm for discovery and continue to explore the things that interest you.",0,0,0,0
" Awakening your curiosity can kindle your inherent eagerness, willingness to delve into disparate fields and fascination for pursuing them. Good news - it can also be practiced!","By nurturing your curiosity, you can maintain your excitement for discovery, remain open to new possibilities, and pursue what inspires you.",0,0,0,0
"Stirring up your curiosity can kindle your natural eagerness, willingness to explore different areas and fascination in exploring them.","You have so much potential to explore and learn new things - your curiosity can help kindle your eagerness, willingness to explore different fields and fascination for pursuing them. And the best part is - this is something you can practice!",0,0,0,0
"Sparking your curiosity can enhance your innate fervor, openness to unfamiliar territories and zest for delving into them. It can also be exercised!","By encouraging your curiosity, you can ignite your natural enthusiasm for discovery, willingness to experiment with various topics, and fascination with learning more about them.",0,0,0,0
"Enhancing your curiosity can kindle your natural excitement, acceptance of various realms and relish for examining them.","I understand how exciting it must be to have your curiosity sparked, and how that can help you explore unfamiliar territories with enthusiasm and energy. You can exercise this curiosity too!",0,0,0,1
"Reviving your curiosity can rouse your inborn zeal, receptiveness to dissimilar domains and delight in studying them, thus, being indispensible for creativity. And it can be practiced!","By cultivating your curiosity, you can ignite your innate enthusiasm, open-mindedness towards different fields and enjoyment of exploring them.",0,0,0,0
"Keeping curious is key for creativity, openness, and eagerness to delve into new fields, and you can also hone it!","Reviving your curiosity can be a powerful way to tap into your natural enthusiasm, openness to different areas of knowledge, and joy of learning, all of which are essential for creativity. Plus, it's something you can work on and develop!",0,0,0,0
"Being curious is paramount for openness, natural interest and intrinsic motivation, as well as imagination, and you can also practice it!","Cultivating curiosity can be a great way to foster creativity, openness, and enthusiasm for exploring new ideas. You can hone this skill to your advantage!",0,0,0,0
"Stirring up your curiosity can ignite your instrinsic motivation, preparedness to explore diverse areas and interest in investigating them. Good news - it can be practiced.","Cultivating curiosity can be immensely beneficial for developing openness, natural interest, intrinsic motivation, and imagination, and it's something you can work on!",0,0,0,0
"Keeping curious is crucial for creativity, since it helps you uncover your innate eagerness for exploration, and you can also improve on it!","It's exciting to know that you can practice stirring up your curiosity, which can help to ignite your intrinsic motivation, preparedness to explore different areas, and interest in researching them.",0,0,0,0
Here are a few exercises to help you practice being curious. Choose one!,"It is so important to stay curious when it comes to creativity, as doing so allows you to uncover your natural enthusiasm for exploration, and you can develop it even further!",0,0,0,0
Below are some engaging exercises to help you practice and cultivate curiosity. Select one that resonates with you and give it a go!,I hope you find these exercises helpful as you work on developing your curiosity. Choose whichever one appeals to you the most!,0,0,0,1
Why not try one of these exercises to help you hone your curiosity?,I invite you to explore the exercises below to practice and nurture your curiosity. Select one that speaks to you and give it a try!,0,0,0,0
Here are some activities to help you exercise your curiosity - pick one!,Have you considered trying one of these exercises to help foster your curiosity?,0,0,0,0
"To get your curiosity in shape, check out these exercises and give one a go!",We understand that exploring your curiosity can be exciting. Here are some activities to help you on your journey - take your pick!,0,0,0,0
Here are a few activities to get your curiosity working - why not give one a try?,It may be fun to try out one of these exercises to help get your curiosity in shape!,0,0,0,0
Exercising your curiosity? Here are some activities to get you started - pick one!,"I understand that you may be feeling hesitant to try something new, but here are some activities that may spark your curiosity - why not give one a go?",0,0,0,0
Time to get curious! Give one of these exercises a go.,"If you're feeling curious and want to explore, here are some activities to get you started - why not give one a try?",0,0,0,0
It's curiosity time - here are a few activities to help you out. ,Would you like to try one of these exercises and see what happens? It could be an interesting experience!,0,0,0,0
Feeling curious? Here are some exercises for you to try.,I'm so excited to get you started - here are some activities that will spark your curiosity!,0,0,0,0
Here are some exercises to get your curiosity flowing - pick one and give it a go.,"If you're interested in trying some new exercises, here are some options for you to explore.",0,0,0,0
Get curious with these exercises - choose one and get started!,"I understand you may not be feeling motivated to try something new right now, but here are some exercises that could help get your curiosity flowing â€“ why not pick one and give it a go?",0,0,0,0
Start exercising your curiosity with these activities - select one!,I encourage you to be curious with these exercises - why not pick one and get going?,0,0,0,0
Give yourself a curiosity workout with these exercises - choose one!,"If you're feeling curious, why not try out one of these activities and see where it takes you?",0,0,0,0
"To get your curiosity muscles working, try one of these exercises.",Explore your curiosity with these exercises - why not give one a try?,0,0,0,0
"To get your curious side going, check out these exercises and pick one.","To help spark your curiosity, why not give one of these exercises a try?",0,0,0,0
Get curious with these activities - take your pick and give one a try!,"If you're feeling curious, why not take a look at these exercises and pick one to try?",0,0,0,0
Here are some activities to help you practice being curious - choose the one you want to try.,I'm excited to offer you these activities for you to explore. Why not pick one and give it a go?,0,0,0,0
Have a look at these exercises to get you in the habit of being curious - pick the one you fancy.,I'm excited to present you with these activities that will help you practice being curious. Please pick out the one you think would be the most interesting to try!,0,0,0,0
 I've got these exercises to help you get curious - pick the one that appeals to you.,I encourage you to take a look at these exercises to help you cultivate curiosity - feel free to choose the one that appeals to you the most.,0,0,0,0
I've got a few exercises to help you cultivate curiosity - pick the one you want to do.,I'm here to help you explore your curiosity - please choose an exercise that looks interesting to you.,0,0,0,0
Here are some exercises to help you practice curiosity - pick the one that speaks to you.,I'm offering a few exercises to help you cultivate curiosity - please choose whichever one appeals to you.,0,0,0,0
 I've got some exercises here that can help you develop curiosity - take your pick.,Here are some exercises to help you practice curiosity - take your time to find the one that resonates with you.,0,0,0,0
I've got a few activities to help you get curious - select the one you'd like to try.,I'm here to offer you some exercises that can help you cultivate your curiosity - take your time to explore which one resonates with you.,0,0,0,0
Have a look at these exercises to help you become more curious - choose the one you'd like to try.,I have some ideas that I think might help spark your curiosity - why not pick one to experiment with?,0,0,0,0
I've got some exercises here to get you curious - take your pick.,I encourage you to explore these exercises to help increase your curiosity. Pick the one that appeals to you the most.,0,0,0,0
Here are some exercises to help you cultivate curiosity - have a look and select the one you want to do.,"I'm sure you're eager to explore - here are some exercises to get you started, take your pick!",0,0,0,0
Have a look at these exercises to help you flex your curiosity muscle - choose the one you'd like to try.,Here are some exercises to help you cultivate curiosity - take a look and choose the one that interests you the most.,0,0,0,0
Have a look at these exercises to help you get curious - pick the one that interests you.,I encourage you to explore these exercises and pick the one that sparks your curiosity.,0,0,0,0
Here are some exercises to help you explore your curiosity - take your pick.,Take some time to explore these exercises. See if any of them spark your curiosity and pick the one that you find most interesting.,0,0,0,0
Have a look at these exercises to practice curiosity - select the one you'd like to try.,I hope these exercises will help you to discover more of your curiosity - please choose whichever ones you would like to try.,0,0,0,1
I've got a few exercises to get you curious - pick the one you want to do.,Take a look at these exercises to practice curiosity - feel free to choose the one that interests you the most.,0,0,0,0
"Congratulations, you are one step closer towards curiosity!",I'm offering a few exercises to help you explore your curiosity - please choose the one you'd like to try.,0,0,0,0
Well done! You've just taken a significant stride towards nurturing your curiosity.,I'm so happy to see that you are making progress towards being more curious!,0,0,0,0
You've taken a big step towards satisfying your inquisitiveness!,Congratulations! You have just taken an important step towards fostering your curiosity.,0,0,0,0
You have come closer to fulfilling your curiosity! Congratulations.,Congratulations on taking a big step towards satisfying your curiosity!,0,0,0,0
Great work! You are now nearer to exploring your interest!,I'm so pleased that you have fulfilled your curiosity! Congratulations!,0,0,0,0
Well done! You are now just a bit closer to inquisitiveness!,I'm so glad you've been able to make progress towards discovering what you're passionate about!,0,0,0,0
You are now a step closer to understanding the unknown!,Congratulations! You have taken a step closer to gaining knowledge and understanding!,0,0,0,0
Fantastic! You have made progress towards discovering the unfamiliar!,Great! You have taken a big step towards understanding the mysterious!,0,0,0,0
You have made a stride towards satisfying your curiosity!,I'm so pleased that you've made progress in your journey to uncover the unknown!,0,0,0,0
You have taken a stride in the direction of understanding the strange!,I'm glad to see that you have taken an important step in exploring your curiosity!,0,0,0,0
You are now nearer to your journey of exploration!,I'm glad you're making progress towards understanding the unfamiliar!,0,0,0,0
Impressive! You have made headway towards finding out the unknown!,I'm so excited for you to begin your journey of exploration!,0,0,0,0
You have made progress in your quest for knowledge!,I'm so proud of you for making progress towards solving the mystery!,0,0,0,0
You have now taken a step forward to exploring the mysterious!,I'm so proud of you for the progress you have made on your journey of learning!,0,0,0,0
You have come closer to uncovering the strange!,You have taken an exciting step towards discovering the mysterious!,0,0,0,0
You have taken a leap towards discovering the unfamiliar!,You have made great progress in uncovering the mysterious!,0,0,0,0
You have made progress in your journey of inquisitiveness!,Congratulations on taking a brave step towards exploring the unknown!,0,0,0,0
Great job! Exercising your curiosity can help spark your creativity.,I'm so proud of you for taking steps forward in your journey of discovery!,0,0,0,1
Well done! Cultivating a sense of curiosity will help boost your creativity.,I'm so proud of you for exercising your curiosity! It can really help you unlock your creativity.,0,0,0,0
Bravo! Being curious encourages your creative side.,I'm so proud of you for cultivating a sense of curiosity! It will be a great help in boosting your creativity.,0,0,0,0
Awesome! Applying your curiosity will bring out your inventive nature.,I'm so proud of you for being curious! It's wonderful that you're encouraging your creative side.,0,0,0,0
Way to go! Widening your curiosity is the key to unlocking your creativity.,I'm so glad to hear that you're applying your curiosity! It's wonderful that it's helping to bring out your inventive nature.,0,0,0,0
Kudos! Curiosity can open the door to creative thinking.,Congratulations on taking the initiative to expand your curiosity! Doing so is a great way to unlock your creativity.,0,0,0,0
Keep it up! Nurturing curiosity will sharpen your creative capacity.,I'm so proud of you! Being curious can lead to thinking outside the box and discovering new ideas.,0,0,0,0
 Good job! Developing your curiosity will cultivate your creative ability.,I'm so proud of you for nurturing your curiosity - it's a great way to strengthen your creativity!,0,0,0,0
Fantastic! Exploring your curiosity will increase your creative potential.,I'm so proud of you for developing your curiosity! Cultivating your creative ability is a great way to continue building upon that.,0,0,0,0
Hurray! Fostering curiosity will enhance your creative inclinations.,I'm so glad you're taking the time to explore and nurture your curiosity! Doing so can really help to unlock your creative potential.,0,0,0,0
 You got it! Stimulating curiosity will promote your creative instincts.,I'm so excited that fostering curiosity can help you explore your creative side!,0,0,0,0
You go! Appreciating curiosity will strengthen your creative intuition.,I'm so glad you got it! Stimulating curiosity can help to foster your creative instincts.,0,0,0,0
Keep up the good work! Being inquisitive will bring out your creative side.,I'm so proud of you for taking the initiative to explore and discover new things! Cultivating your curiosity can help you tap into your creative intuition.,0,0,0,0
Way to show curiosity! It'll surely enhance your creative abilities.,I'm so proud of your hard work! Exploring different ideas can help you discover your creative potential.,0,0,0,0
You're on the right track! Cultivating curiosity will kindle your creativity.,I'm so glad you're curious! Showing curiosity will help your creative abilities grow.,0,0,0,0
Would you like another exercise to help with your curiosity?,I'm so glad to see you exploring and being curious. Your creativity will be ignited by this journey.,0,0,0,0
Are you interested in trying out another exercise to further enhance your curiosity?,Would you like another exercise that could help satisfy your curiosity?,0,0,0,0
Shall we do one more activity to stimulate your curiosity?,Would you like to explore another exercise that could further spark your curiosity?,0,0,0,0
Would you like to do another exercise to stimulate your curiosity?,Would you like to do one more activity to help spark your curiosity?,0,0,0,0
Would you like to do one more activity to stimulate your curiosity?,Would you be interested in exploring another exercise to further your curiosity?,0,0,0,0
Would you be interested in another task to enhance your inquisitiveness?,Would you like to do one more activity that could help further your curiosity?,0,0,0,0
Would you like one more exercise to train your curiosity?,Would you like to take on another task to further develop your curiosity?,0,0,0,0
Do you want to do one more exercise to help enhance your curiosity?,Would you like to do one more exercise to help develop your curiosity?,0,0,0,0
Do you feel like practicing some more curiosity?,Would you like to try one more exercise to help foster your curiosity?,0,0,0,0
Shall we do one more exercise to practice your curiosity?,Would you like to practice being more curious?,0,0,0,0
Do you fancy having a go at a different exercise to hone your curiosity?,Would you like to do one more exercise to further practice your curiosity?,0,0,0,0
Why not take on a different exercise to cultivate your curiosity?,Would you like to try a different exercise to help you foster your curiosity?,0,0,0,0
How about attempting a different exercise to sharpen your curiosity?,What can we do to cultivate your curiosity in a different way?,0,0,0,0
 Care to take on a different exercise to work on your curiosity?,Have you considered trying a different exercise to help you become more curious?,0,0,0,0
Interested in doing a different exercise to practice your curiosity?,Would you like to try a different exercise to further your curiosity?,0,0,0,0
Fancy giving a different exercise a go to increase your curiosity?,Are you looking for a new way to explore and practice your curiosity?,0,0,0,0
Up for trying another exercise to nurture your curiosity?,Would you be interested in trying a different exercise to spark your curiosity?,0,0,0,0
Interested in engaging with a different exercise to cultivate your curiosity?,Would you be interested in exploring another exercise to further your curiosity?,0,0,0,0
Feel like tackling a different exercise to develop your curiosity?,Would you like to explore a different type of exercise to help foster your curiosity?,0,0,0,0
Care to try a different exercise to stimulate your curiosity?,Would you be interested in trying something new to further your curiosity?,0,0,0,0
In the mood for a different exercise to hone your curiosity?,Would you like to try a different exercise to spark your interest?,0,0,0,0
Want to attempt a different exercise to fuel your curiosity?,Are you looking for a new way to exercise your curiosity?,0,0,0,0
Feeling like doing another exercise to promote your curiosity?,Would you like to try a different exercise to satisfy your curiosity?,0,0,0,0
Ready to try out a different exercise to sharpen your curiosity?,Are you interested in exploring further with another exercise?,0,0,0,0
Excited to take on a different exercise to spark your curiosity?,Would you like to explore a different exercise to deepen your curiosity?,0,0,0,0
"Humor is crucial for creativity as it encourages a playful mindset, fosters unconventional thinking, and creates a relaxed atmosphere where innovative ideas can flourish. The following exercises are primarily based on the Incongruity Theory - we laugh when something non-serious violates our common belief, e.g., in punchline of a joke  (Aristotle, Kant, Schopenhauer).",Are you looking forward to trying a new activity to stimulate your interest?,0,0,0,0
"Humor is essential for creativity as it encourages playfulness, unconventional thinking, and creates a relaxed environment where innovative ideas can flourish. The exercises below are based on the Incongruity Theory, where we find humor in non-serious situations that defy our common beliefs (Aristotle, Kant, Schopenhauer).","Humor can be a powerful tool for unlocking creativity, as it allows us to approach a situation from a different perspective, think outside of the box, and create a stress-free environment where new ideas can be explored and encouraged. The Incongruity Theory highlights the idea that we often find humor in things that go against our expectations, like the punchline of a joke.",0,0,0,0
"Humor is an essential part of creativity as it encourages an imaginative outlook, encourages out-of-the-box thinking, and makes an atmosphere where inventive ideas can thrive. This practice is mainly based on the Incongruity Theory - we find it funny when something that goes against our expectations occurs, such as the ending of a joke (Aristotle, Kant, Schopenhauer).","Humor can be a powerful tool to help foster creativity, as it encourages playfulness, unconventional thinking, and creates a relaxed atmosphere that can provide a strong platform for innovative ideas to grow. According to the Incongruity Theory, humor is found in unexpected scenarios that challenge our preconceived beliefs (Aristotle, Kant, Schopenhauer).",0,0,0,0
"Being humorous is a must for creativity since it encourages a whimsical attitude, encourages different pondering, and builds a relaxed environment where inventive thoughts can grow. This practice is basically based on the Incongruity Theory - we chuckle when something unexpected violates our common belief, like the punchline of a joke (Aristotle, Kant, Schopenhauer).","Humor is an invaluable asset to creativity as it promotes a more imaginative perspective, encourages us to think outside of the box, and fosters an environment where innovative concepts can flourish. This relies heavily on the Incongruity Theory - we find humor in things that defy our expectations, such as the punchline of a joke (Aristotle, Kant, Schopenhauer).",0,0,0,0
"Having a sense of humor is key for creativity since it inspires a light-hearted attitude, motivates unconventional reasoning, and creates an atmosphere where fresh thoughts can blossom. This practice is largely based on the Incongruity Theory - we laugh when something seemingly insignificant breaks our common belief, e.g., the punchline of a joke (Aristotle, Kant, Schopenhauer).","Having a sense of humor can be a great asset when it comes to being creative, as it can foster a lighthearted attitude, lead to new ways of thinking, and create a relaxed atmosphere that allows for creative ideas to flourish. This has been supported by the Incongruity Theory, which states that we often find humor when something unexpected challenges our preconceived notions, such as the punchline of a joke (Aristotle, Kant, Schopenhauer).",0,0,0,0
"Humor is a must for creativity as it encourages a playful approach, propels unconventional thinking, and creates a laid-back environment where inventive ideas can take root. This practice is mainly drawn from the Incongruity Theory - we laugh when something non-serious contradicts our common belief, like the conclusion of a joke (Aristotle, Kant, Schopenhauer).","I understand how having a sense of humor is an important factor for developing creativity, as it fosters a more relaxed atmosphere, encourages unconventional thinking, and gives rise to new ideas. This notion is largely supported by the Incongruity Theory - we tend to find humor in things that contradict our expectations, such as the punchline of a joke (Aristotle, Kant, Schopenhauer).",0,0,0,0
"A sense of humor is important for creativity since it inspires a playful attitude, encourages creative thinking, and makes a atmosphere where innovative ideas can develop. This practice is largely based on the Incongruity Theory - we laugh when something that isn't serious disregards our common belief, such as the finale of a joke (Aristotle, Kant, Schopenhauer).","Humor can be a great source of creativity, as it encourages us to approach things in a lighthearted way, think outside the box, and create an environment where innovative ideas can flourish. This idea of humor is rooted in the Incongruity Theory - when something unexpected or unusual occurs, it can often bring laughter (as discussed by Aristotle, Kant, and Schopenhauer).",0,0,0,0
"Humor is fundamental for creativity as it encourages a playful mindset, encourages innovative pondering, and makes a relaxed atmosphere where inventive ideas can unfold. This practice is mostly based on the Incongruity Theory - we laugh when something light-hearted defies our common belief, like the ending of a joke (Aristotle, Kant, Schopenhauer).","Having a sense of humor is important for creativity, as it can bring about a lighthearted attitude that promotes creative thinking and creates an atmosphere where fresh ideas can flourish. This idea is largely based on the Incongruity Theory - we often laugh when something unexpected and not serious disregards our usual expectations, such as the punchline of a joke (Aristotle, Kant, Schopenhauer).",0,0,0,0
"Having a sense of humor is essential for creativity since it inspires a playful attitude, encourages off-the-wall thinking, and builds an atmosphere where fresh ideas can sprout. This practice is primarily based on the Incongruity Theory - we laugh when something insignificant violates our common belief, such as the conclusion of a joke (Aristotle, Kant, Schopenhauer).","Humor can be a great tool to help foster creativity, as it supports a playful attitude, encourages out-of-the-box thinking, and creates a relaxed environment where inventive ideas can come to life. This is primarily based on the Incongruity Theory - when something unexpected contradicts our preconceived notions, it can be humorous (as seen in the work of Aristotle, Kant, and Schopenhauer).",0,0,0,0
"Humor is crucial for creativity as it encourages a humorous outlook, propels out-of-the-box thinking, and creates a chill atmosphere where innovative thoughts can take shape. This practice is mainly drawn from the Incongruity Theory - we laugh when something funny violates our common belief, e.g., in the punchline of a joke (Aristotle, Kant, Schopenhauer).","It can be incredibly beneficial to have a sense of humor in order to foster creativity, as it promotes a light-hearted approach and encourages out-of-the-box thinking, creating an environment in which new ideas can grow. This concept is rooted in the Incongruity Theory - when something seemingly insignificant contradicts our common understanding, we often find it amusing, such as the punchline of a joke (Aristotle, Kant, Schopenhauer).",0,0,0,0
"Being funny is important for creativity since it encourages a jovial attitude, motivates creative reasoning, and makes a atmosphere where imaginative ideas can thrive. This practice is largely based on the Incongruity Theory - we laugh when something light-hearted disregards our common belief, like the finale of a joke (Aristotle, Kant, Schopenhauer).","Humor can be a powerful tool for fostering creativity, as it can foster a humorous outlook, inspire out-of-the-box thinking, and create a relaxed atmosphere where innovative ideas can take shape. This is often based on the Incongruity Theory, which states that we laugh when something funny clashes with our expectations - such as the punchline of a joke (Aristotle, Kant, Schopenhauer).",0,0,0,0
"Having a sense of humor is fundamental for creativity as it inspires a playful attitude, encourages out-of-the-ordinary thinking, and builds a relaxed environment where inventive thoughts can germinate. This practice is largely drawn from the Incongruity Theory - we laugh when something that isn't serious contradicts our common belief, such as the ending of a joke (Aristotle, Kant, Schopenhauer).","I understand that being funny is an important form of creativity, as it can help to create a lively atmosphere that encourages creative thinking and allows imaginative ideas to flourish. This is largely based on the Incongruity Theory, which states that a humorous situation can arise from when something unexpected challenges our preconceived notions, like the ending of a joke (Aristotle, Kant, Schopenhauer).",0,0,0,0
"Humor is necessary for creativity as it encourages a jocular mindset, motivates unconventional pondering, and creates a laid-back atmosphere where inventive ideas can blossom. This practice is mostly based on the Incongruity Theory - we laugh when something non-serious defies our common belief, like the punchline of a joke (Aristotle, Kant, Schopenhauer).","Having a sense of humor is incredibly important for creativity as it can foster a lighthearted atmosphere, which can encourage creative thinking and innovative solutions. This concept is drawn from the Incongruity Theory, which explains how we often find humor in things that contradict our beliefs, such as the punchline of a joke (Aristotle, Kant, Schopenhauer).",0,0,0,0
"Being humorous is essential for creativity since it encourages an imaginative outlook, propels off-the-wall thinking, and makes a atmosphere where fresh ideas can take root. This practice is largely drawn from the Incongruity Theory - we laugh when something seemingly insignificant violates our common belief, e.g., in the conclusion of a joke (Aristotle, Kant, Schopenhauer).","The Incongruity Theory suggests that humor can be a great tool for creativity, as it can inspire us to think differently and make us feel more relaxed. This can be seen in how we laugh when something unexpected or unusual contradicts our expectations, such as the punchline of a joke. In this way, humor can help to motivate unconventional pondering and foster an atmosphere where inventive ideas can thrive.",0,0,0,0
"Humor encourages a fun outlook, stimulates out-of-the-box thinking, and creates a laid-back environment where new ideas can thrive. These exercises are based on the theory that revolves around incongruity - we chuckle when something off the wall contradicts our typical beliefs, like in the punchline of a joke (Aristotle, Kant, Schopenhauer).","It can be so beneficial to be humorous since it can help foster an open-minded outlook, encourage out-of-the-box thinking, and create a positive environment where new ideas can be explored. This concept is based on the Incongruity Theory, which states that we laugh when something unexpected interrupts our expectations, for example, the punchline of a joke (Aristotle, Kant, Schopenhauer).",0,0,0,0
"Being humorous builds a playful attitude, encourages imaginative thinking, and makes a comfortable atmosphere where creative ideas can blossom. The following exercises are rooted in the idea based on the Incongruity Theory - we laugh when something unusual goes against our expectations, for example in the ending of a joke (Aristotle, Kant, Schopenhauer).","Humor can be a great way to encourage a fun outlook, stimulate creative thinking, and create an atmosphere of openness and acceptance where new ideas can be explored without judgement. The underlying theory of humor, which is based on the concept of incongruity, is that we often find amusement in things that contradict our usual beliefs - just think of the punchline of a joke! This is something that has been discussed by philosophers such as Aristotle, Kant, and Schopenhauer.",0,0,0,0
"Laughing and playing around cultivates an enjoyable mentality, provokes original thought, and establishes a calm setting where creativity can grow. These exercises are rooted in the Incongruity Theory - we giggle when something unexpected clashes with our ordinary assumptions, like in the punchline of a joke (Aristotle, Kant, Schopenhauer).","Creating a sense of humor can foster a lighthearted attitude, inspire imaginative thinking, and create an inviting atmosphere where innovative ideas can thrive. This concept draws on the Incongruity Theory - when something unexpected happens, it can spark a laugh (Aristotle, Kant, Schopenhauer).",0,0,0,0
"Having a sense of humor encourages a playful  attitude, promotes unorthodox pondering, and sets up a comfortable atmosphere where inspiring ideas can take root. These exercises are based on the Incongruity Theory - we laugh when something non-serious contradicts our usual beliefs, such as in the punchline of a joke (Aristotle, Kant, Schopenhauer).","Engaging in laughter and play can cultivate a positive mindset, encourage creative thinking, and create a peaceful atmosphere for creativity to blossom. This concept is based on the Incongruity Theory, which suggests that when something unexpected clashes with our established beliefs, like the punchline of a joke, we often find ourselves amused (Aristotle, Kant, Schopenhauer).",0,0,0,0
"Humor stimulates a cheerful demeanor, encourages out-of-the-ordinary thinking, and creates a relaxed environment where innovative concepts can thrive. These exercises are based on the Incongruity Theory - we smile when something quirky goes against our common perception, like in the punchline of a joke (Aristotle, Kant, Schopenhauer).","Developing a sense of humor can help create a positive environment where we can look at things from a different perspective, be open to new ideas, and feel comfortable enough to explore and express our thoughts. According to the Incongruity Theory, humor often arises when the unexpected happens and our expectations are challenged - like the punchline of a joke.",0,0,0,1
"Humour encourages a playful outlook, encourages inventive thinking, and establishes a peaceful setting where inventive ideas can take hold. These exercises are derived from the Incongruity Theory - we chuckle when something strange violates our standard beliefs, as in the punchline of a joke (Aristotle, Kant, Schopenhauer).","It's no surprise that humor can have a positive effect on our mood, help us think outside the box, and create a more relaxed atmosphere where creative ideas can grow. According to the Incongruity Theory, our smiles are often triggered when something unexpected occurs, such as the punchline of a joke (Aristotle, Kant, Schopenhauer).",0,0,0,0
"Being humorous develops a playful attitude, inspires creative pondering, and forms a comfortable atmosphere where new ideas can flourish. These exercises originate from the Incongruity Theory - we laugh when something offbeat clashes with our usual notions, such as in the punchline of a joke (Aristotle, Kant, Schopenhauer).","Humour can bring us together by encouraging a lighthearted outlook, stimulating creative thinking, and fostering a peaceful environment where new ideas can be explored. The Incongruity Theory suggests that we often find something humorous when it contradicts our expectations, such as the punchlines of jokes (Aristotle, Kant, Schopenhauer).",0,0,0,0
"Having a sense of humor promotes a playful  attitude, encourages offbeat thinking, and shapes a comfortable setting where pioneering concepts can take shape. These exercises are based on the Incongruity Theory - we laugh when something out of the ordinary goes against our common belief, like in the punchline of a joke (Aristotle, Kant, Schopenhauer).","The Incongruity Theory suggests that humor is born from the clash between unexpected events and our usual expectations, like the punchline of a joke. By bringing this playful attitude into conversations, we can inspire creativity, foster a supportive environment for new ideas to grow, and enjoy some light-hearted moments along the way.",0,0,0,0
"Humor encourages a playful disposition, fosters unconventional thinking, and creates a comfortable atmosphere where new ideas can take flight. These exercises are based on the Incongruity Theory - we laugh when something different contradicts our ordinary assumptions, as in the punchline of a joke (Aristotle, Kant, Schopenhauer).","It is through having a sense of humor that we can create an atmosphere of playfulness, foster creative thinking, and create a comfortable space for innovative ideas to develop. This is based on the Incongruity Theory, which suggests that our funny bone is tickled when the unexpected occurs, like when the punchline of a joke goes against our expectations (as seen in the works of Aristotle, Kant, and Schopenhauer).",0,0,0,0
"Having a humorous outlook encourages a playful attitude, stimulates imaginative thought, and forms a relaxed environment where inventive notions can sprout. These exercises are derived from the Incongruity Theory - we laugh when something out of the ordinary clashes with our typical beliefs, for example in the punchline of a joke (Aristotle, Kant, Schopenhauer).","Humor encourages us to be playful and think outside the box, creating an atmosphere of comfort and openness that enables us to explore new ideas. This is based on the Incongruity Theory, which suggests that we laugh when something unexpected and different occurs - like the punchline of a joke - according to Aristotle, Kant, and Schopenhauer.",0,0,0,0
" Being humorous fosters a lighthearted state of mind, promotes original thinking, and makes a peaceful atmosphere where innovative ideas can grow. These exercises are rooted in the Incongruity Theory - we laugh when something off the wall goes against our expectations, like in the punchline of a joke (Aristotle, Kant, Schopenhauer).","Having a humorous outlook can help create a positive atmosphere, stimulate creative thinking, and lead to a relaxed space where new ideas can be explored. Through the Incongruity Theory, we can understand why we laugh when something unexpected happens - like the punchline of a joke - and how it contrasts with our regular beliefs (as shown by Aristotle, Kant, and Schopenhauer).",0,0,0,1
"Humor develops a playful outlook, encourages out-of-the-ordinary thought, and creates a laid-back environment where inspiring concepts can take root. These exercises are based on the Incongruity Theory - we laugh when something offbeat violates our usual assumptions, as in the punchline of a joke (Aristotle, Kant, Schopenhauer).","It's no secret that humor can be incredibly beneficial to our mental state, by promoting original thinking and creating a peaceful atmosphere where ideas can be developed. Incongruity Theory provides us with an explanation behind why this is - we often laugh when something unexpected takes place, which is typically the case in the punchline of a joke (Aristotle, Kant, Schopenhauer).",0,0,0,0
"Possessing a sense of humor encourages a playful mentality, stimulates creative pondering, and shapes a relaxed setting where ingenious ideas can thrive. These exercises revolve around incongruity - we laugh when something unexpected goes against our common perception, like in the punchline of a joke (Aristotle, Kant, Schopenhauer).","Humor can foster a jovial attitude, stimulate creative thinking, and create a relaxed environment in which original ideas can be explored. According to the Incongruity Theory, we often find ourselves laughing when something unexpected goes against our expectations, such as the punchline of a joke (Aristotle, Kant, Schopenhauer).",0,0,0,0
"Having a humorous outlook builds a playful attitude, encourages imaginative thinking, and establishes a comfortable atmosphere where pioneering notions can bloom. These exercises are derived from the Incongruity Theory - we laugh when something non-serious clashes with our typical beliefs, such as in the punchline of a joke (Aristotle, Kant, Schopenhauer).","Having a sense of humor can create an environment where creative thought and innovation can flourish. It can provide a playful, relaxed atmosphere where unexpected moments can bring a smile and inspire innovative ideas. As Aristotle, Kant, and Schopenhauer noted, humor is often based on perceiving something incongruous and unexpected, like the punchline of a joke.",0,0,0,0
"Being humorous encourages a playful mindset, fosters creative pondering, and forms a calm setting where new ideas can take hold. These exercises are based on the Incongruity Theory - we laugh when something unusual contradicts our ordinary assumptions, like in the punchline of a joke (Aristotle, Kant, Schopenhauer).","Having a humorous outlook can help foster an atmosphere where it is safe to explore new ideas and express imaginative thinking. By creating a sense of playfulness and comfort, we can open ourselves up to the unexpected, allowing for our incongruous beliefs to be reconciled - like in the punchline of a joke (Aristotle, Kant, Schopenhauer).",0,0,0,0
Here you can find some exercises to help you practice humour.,"Laughter is often an unexpected and delightful surprise that can help us foster creativity and creative thinking. By allowing ourselves to experience the joy of a humorous moment, we can create a relaxed atmosphere where new and innovative ideas can take root. This is based on the Incongruity Theory, which states that humor is created when something unexpected contradicts our normal expectations, such as the punchline of a joke (Aristotle, Kant, Schopenhauer).",0,0,0,1
Discover a collection of exercises below that can assist you in honing your sense of humor.,I hope these exercises can help you practice humour and get more comfortable expressing yourself.,0,0,0,0
Here you can do some exercises to hone your humour.,We've compiled a selection of exercises below that can help you develop your sense of humor.,0,0,0,0
Here you can find some drills to sharpen your sense of humour.,I hope that these exercises help you become better at expressing your humour.,0,0,0,0
Here you can attempt some workouts to develop your sense of humour.,I hope these drills can help you develop a better sense of humour.,0,0,0,0
Here you can try out some activities to help you work on your wit.,I hope these workouts help you develop your sense of humour.,0,0,0,0
Here you can engage in some exercises to cultivate your humour.,Here are some activities that can help you sharpen your wit.,0,0,0,0
Here you can do some exercises to refine your ability to laugh.,Here you can explore some activities to help you develop your sense of humour.,0,0,0,0
Here you can practice some routines to enhance your ability to laugh.,Here you can practice exercises that can help you feel more comfortable with laughing.,0,0,0,0
Here you can perform some tasks to boost your humour.,Here you can try out some exercises to help you cultivate a more joyful sense of humor.,0,0,0,0
Here you can practice some drills to increase your humorous side.,I hope these tasks help bring a smile to your face.,0,0,0,0
Here you can take on some workouts to add to your funny bone.,You can use these drills to help develop your sense of humor.,0,0,0,0
Here you can take part in some activities to strengthen your funny side.,Here you can find some workouts to help you to have some fun!,0,0,0,0
Here you can practice some exercises to upgrade your humour.,We can offer you some activities here that can help to bring out your inner sense of humor.,0,0,0,0
Here you can do some drills to improve your sense of humour.,I hope these exercises will help you to enhance your sense of humour.,0,0,0,0
Here you can participate in some routines to expand your sense of humour.,I hope these drills help you to strengthen your sense of humour.,0,0,0,0
Take your pick from these humour exercises - why not try one? ,We offer some routines here that can help broaden your sense of humour.,0,0,0,0
Have a go at one of these fun humour exercises! ,"I understand you may be feeling overwhelmed, so why not pick one of these humour exercises and give it a go?",0,0,0,0
Why not give one of these humour exercises a go? ,Why don't you try one of these fun humour exercises? It could be a fun way to pass the time!,0,0,0,0
Why not give one of these humour exercises a go? ,"If you're feeling up to it, why not try one of these humour exercises?",0,0,0,0
Pick from these humour exercises and have a go! ,I encourage you to try one of these humour exercises; it could be a fun and rewarding experience!,0,0,0,0
Select one of these humour exercises and give it a try! ,I encourage you to try out one of these humour exercises and have some fun!,0,0,0,0
Try out one of these humour exercises! ,I encourage you to select one of these humour exercises and give it a go!,0,0,0,0
Choose one of these humour exercises and get started! ,I encourage you to give one of these humour exercises a try!,0,0,0,0
Pick one of these humour exercises and give it a go! ,I'm here to help if you need any assistance selecting one of these humour exercises to get started with!,0,0,0,0
Attempt one of these humour exercises! ,I encourage you to choose one of these humour exercises and give it a try!,0,0,0,0
Select a humour exercise and have a go at it! ,Why don't you give one of these humour exercises a try?,0,0,0,0
Go for it and try one of these humour exercises! ,Why not try out a humour exercise and see how it goes?,0,0,0,0
Check out these humour exercises and pick one! ,I'm here to support you! Why don't you give one of these humour exercises a try?,0,0,0,0
Have a go at one of the humour exercises! ,I'm so excited that you've decided to check out these humour exercises! What exercise would you like to try?,0,0,0,1
Try one of these humour exercises now! ,I encourage you to try one of the humour exercises!,0,0,0,0
Take your pick of these humour exercises! ,I encourage you to give one of these humour exercises a try now!,0,0,0,0
Test your humour and select an exercise!,Which of these humour exercises would you like to try?,0,0,0,0
Practicing humour will help you enhance your creativity. Congratulations!,See if you can find an exercise that makes you laugh!,0,0,0,0
Utilizing humour can help you increase your creativity - way to go!,Practicing humour can help you unlock your creative potential.,0,0,0,0
Humour can be a great tool for boosting your creativity - well done!,I'm so glad to hear that you're utilizing humour to help increase your creativity - great job!,0,0,0,0
Humour is the key to improving your creative skills - bravo!,I'm so glad to see that you're using humour as a way to enhance your creativity - great job!,0,0,0,0
Humour can do wonders for your creative abilities - great job!,I'm so proud of you for recognizing that humour is an important factor in honing your creative skills!,0,0,0,0
Utilizing humour will aid in developing your creative skills - congrats!,I'm so impressed by how humour has enhanced your creativity - great job!,0,0,0,0
Humour is the secret to unlocking your creative potential - fantastic!,I'm so glad to hear that you're working on developing your creative skills - using humour is a great way to do so! Congratulations!,0,0,0,0
Humour is the perfect way to enhance creativity - good job!,I'm so pleased that you've found humour to be the key to unlocking your creative potential!,0,0,0,0
Practicing humour can help you sharpen your creative skills - congrats!,I'm so glad you used humour to enhance your creativity - that was a great decision!,0,0,0,0
Making use of humour can help you elevate your creativity - yay!,I'm so proud of you for using humour to sharpen your creative skills!,0,0,0,0
Using humour can help you strengthen your creativity - awesome!,Using humor can be a great way to boost your creativity - how exciting!,0,0,0,0
Taking advantage of humour can help you nurture your creativity - yippee!,I'm glad humour can help you strengthen your creativity - that's amazing!,0,0,0,0
Making humour a part of your life can help you with your creativity - congrats!,I'm so excited that using humour can help nurture your creativity!,0,0,0,0
Making humour your friend can help you with your creative powers - good work!,I'm so glad that incorporating humour into your life has been beneficial for your creativity - congratulations!,0,0,0,0
Incorporating humour into your life can help you with your creative abilities - great!,I'm so glad you're using humour to boost your creativity - great job!,0,0,0,0
Well done! Being more humorous will assist you in being creative!,It's wonderful that incorporating humour into your life can help you with your creative abilities!,0,0,0,0
Impressive! Becoming wittier will give you a boost in creativity!,I'm so impressed that you're putting effort into being more humorous! Doing so will help you tap into your creativity.,0,0,0,0
Marvelous! Becoming more humorous will help to promote your creativity!,That's great! Strengthening your wit can help you to unleash your creativity!,0,0,0,0
Way to go! Becoming more humorous will aid in developing your creativity!,I'm so glad to see you're developing your humorous side! Becoming more humorous can really help foster your creativity.,0,0,0,0
Bravissimo! Becoming more humorous will help you foster creativity!,I'm so proud of you for taking the initiative to work on becoming more humorous - it will help to cultivate your creativity!,0,0,0,1
Superb! Becoming more humorous will help you cultivate creativity!,I'm so impressed! Becoming more humorous can help you unlock your creativity!,0,0,0,0
Kudos! Becoming more humorous will help you foster creativity!,I'm so glad you're working on becoming more humorous! It's a great way to help cultivate your creativity!,0,0,0,0
Nice work! Becoming more humorous will help you become more imaginative!,I'm so glad you're working on becoming more humorous! It's a great way to foster creativity and I'm sure it will be beneficial for you.,0,0,0,0
Well done! Becoming more humorous will aid you in being creative!,I'm so impressed by your work! Becoming funnier can help to foster your creativity!,0,0,0,0
Great job! Becoming more humorous will help you become creative!,I'm so impressed that you are developing your sense of humor! It can really help to unlock your creativity.,0,0,0,0
Bravo! Becoming more humorous will help you cultivate creativity!,I think it's wonderful that you put in the effort to become more humorous - it's a great way to help yourself become more creative!,0,0,0,0
Top notch! Becoming more humorous will aid your creativity!,I'm so proud of you for trying to become more humorous - it's a great way to cultivate creativity!,0,0,0,0
Outstanding! Becoming more humorous will help you generate creativity!,I'm so glad you're looking to become more humorous! It can be a great way to boost your creativity!,0,0,0,0
Splendid! Becoming more playful will help you cultivate creativity!,That's wonderful! Becoming more humorous can help you open up your creativity!,0,0,0,0
Congrats! Becoming more humorous will help you become creative!,I'm so excited for you that becoming more playful will help you cultivate creativity!,0,0,0,0
Good job. Would you like to try another exercise in the Humour category?,I'm so glad you're becoming more humorous - it will open up so many creative opportunities for you!,0,0,0,0
Nicely done! Fancy having a go at another exercise in the Humour section?,You did a terrific job! Would you be interested in attempting another exercise in the Humour category?,0,0,0,0
You did well! Care to have a go at another Humour exercise?,You did a great job! Would you like to try another exercise from the Humour section?,0,0,0,0
Way to go! Want to tackle another exercise from the Humour category?,I'm really proud of how well you did! Would you like to try another Humour exercise?,0,0,0,0
Bravo! Interested in attempting another Humour exercise?,I'm so proud of you! Would you like to work on another exercise from the Humour section?,0,0,0,0
Well done! Up for trying another exercise in the Humour section?,I'm so glad you enjoyed the Humour exercise! Would you like to try another one?,0,0,0,0
Great job! Feel like tackling another Humour exercise?,I'm so impressed with how you did! Would you like to try another exercise in the Humour section?,0,0,0,0
You did splendidly! Fancy attempting another exercise in the Humour section?,I'm so glad you did such a great job! Would you like to try another Humour exercise?,0,0,0,0
You did a great job! Inclined to try another exercise in the Humour category?,I'm so impressed with how well you did! Would you like to try another exercise in the Humour section?,0,0,0,0
Superb effort! Wanna take on another exercise from the Humour section?,I'm so impressed with your hard work! Would you like to give another exercise in the Humour category a shot?,0,0,0,0
Marvelous job! Want to take on another Humour exercise?,That was an amazing effort! Would you like to try another exercise from the Humour section?,0,0,0,0
Good going! Care to have a go at another exercise in the Humour category?,I'm so proud of the work you did on this humour exercise. Would you like to try another one?,0,0,0,0
Very impressive! Interested in trying another exercise in the Humour section?,I'm impressed! Would you like to try another exercise in the Humour section?,0,0,0,0
Kudos! Up for attempting another exercise in the Humour category?,That's really amazing! Would you like to give another exercise in the Humour section a go?,0,0,0,0
Terrific work! Think you can handle another exercise from the Humour section?,I'm glad to see that you're giving the Humour category another try - good for you!,0,0,0,0
Care to take a stab at a Humour exercise?,I'm so impressed with the work you have done! Would you like to give another exercise from the Humour section a try?,0,0,0,0
Want to give another Humour workout a whirl?,Would you be willing to give a Humour exercise a try?,0,0,0,0
Do you fancy tackling another Humour exercise?,Would you like to try another Humour workout?,0,0,0,0
Feeling up to another Humour exercise?,Would you like to try another Humour exercise?,0,0,0,0
Mind attempting another Humour exercise?,Would you like to do another Humour exercise?,0,0,0,0
Keen to have a go at another Humour exercise?,Would you like to try another Humour exercise?,0,0,0,0
Inclined to give another Humour exercise a go?,Are you interested in trying another Humor exercise?,0,0,0,0
Are you up for another Humour exercise?,Would you like to try another Humour exercise?,0,0,0,0
In the mood for another Humour exercise?,Would you like to do another Humour exercise?,0,0,0,0
Thinking of doing another Humour exercise?,Would you like to try another Humour exercise?,0,0,0,0
Why not have a go at another Humour exercise?,Are you considering doing another Humour exercise?,0,0,0,0
Fancy attempting another Humour exercise?,Would you like to give another Humour exercise a try?,0,0,0,0
